{
  "configVersion": 1,
  "timestamp": 1567495373882,
  "index": "/index.html",
  "assetGroups": [
    {
      "name": "app",
      "installMode": "prefetch",
      "updateMode": "prefetch",
      "urls": [
        "/4.cfa29aa2a70ac673c4fb.js",
        "/favicon.ico",
        "/index.html",
        "/main.0f4a4832c3c10f978e8d.js",
        "/polyfills.2f606e9b751d99efe3ab.js",
        "/runtime.257fc361b331a852eb2f.js",
        "/styles.4961462f19581a0e5808.css"
      ],
      "patterns": []
    },
    {
      "name": "assets",
      "installMode": "lazy",
      "updateMode": "prefetch",
      "urls": [
        "/assets/icons/icon-128x128.png",
        "/assets/icons/icon-144x144.png",
        "/assets/icons/icon-152x152.png",
        "/assets/icons/icon-192x192.png",
        "/assets/icons/icon-384x384.png",
        "/assets/icons/icon-512x512.png",
        "/assets/icons/icon-72x72.png",
        "/assets/icons/icon-96x96.png"
      ],
      "patterns": []
    }
  ],
  "dataGroups": [],
  "hashTable": {
    "/4.cfa29aa2a70ac673c4fb.js": "6d608b95c2543a40884e16ec955b77058e544b4f",
    "/assets/icons/icon-128x128.png": "dae3b6ed49bdaf4327b92531d4b5b4a5d30c7532",
    "/assets/icons/icon-144x144.png": "b0bd89982e08f9bd2b642928f5391915b74799a7",
    "/assets/icons/icon-152x152.png": "7479a9477815dfd9668d60f8b3b2fba709b91310",
    "/assets/icons/icon-192x192.png": "1abd80d431a237a853ce38147d8c63752f10933b",
    "/assets/icons/icon-384x384.png": "329749cd6393768d3131ed6304c136b1ca05f2fd",
    "/assets/icons/icon-512x512.png": "559d9c4318b45a1f2b10596bbb4c960fe521dbcc",
    "/assets/icons/icon-72x72.png": "c457e56089a36952cd67156f9996bc4ce54a5ed9",
    "/assets/icons/icon-96x96.png": "3914125a4b445bf111c5627875fc190f560daa41",
    "/favicon.ico": "84161b857f5c547e3699ddfbffc6d8d737542e01",
    "/index.html": "cd3cf0117db91f4006c4fbb70830e51733b1ceb7",
    "/main.0f4a4832c3c10f978e8d.js": "36819ea891c533df3c5cb89c8e877b5764753a39",
    "/polyfills.2f606e9b751d99efe3ab.js": "af41fc71ca843a1a8ad89af0d47a166f2b6079a4",
    "/runtime.257fc361b331a852eb2f.js": "138f11f4ca08e2a9f8c4571aac786270071602db",
    "/styles.4961462f19581a0e5808.css": "d05be5c9d18bae687b56188d20eeaa57475447e2"
  },
  "navigationUrls": [
    {
      "positive": true,
      "regex": "^\\/.*$"
    },
    {
      "positive": false,
      "regex": "^\\/(?:.+\\/)?[^/]*\\.[^/]*$"
    },
    {
      "positive": false,
      "regex": "^\\/(?:.+\\/)?[^/]*__[^/]*$"
    },
    {
      "positive": false,
      "regex": "^\\/(?:.+\\/)?[^/]*__[^/]*\\/.*$"
    }
  ]
}