{
  "configVersion": 1,
  "index": "/index.html",
  "assetGroups": [
    {
      "name": "app",
      "installMode": "prefetch",
      "updateMode": "prefetch",
      "urls": [
        "/0.f31e28da27ab11d5b673.js",
        "/favicon.ico",
        "/index.html",
        "/main.c61b03f2344cc2f26f9c.js",
        "/polyfills.b4c63c8b8188b73ff421.js",
        "/runtime.e3b514d7a4ad0210f9bc.js",
        "/styles.87907a5c2450970e664d.css"
      ],
      "patterns": []
    },
    {
      "name": "assets",
      "installMode": "lazy",
      "updateMode": "prefetch",
      "urls": [
        "/assets/icons/icon-128x128.png",
        "/assets/icons/icon-144x144.png",
        "/assets/icons/icon-152x152.png",
        "/assets/icons/icon-192x192.png",
        "/assets/icons/icon-384x384.png",
        "/assets/icons/icon-512x512.png",
        "/assets/icons/icon-72x72.png",
        "/assets/icons/icon-96x96.png"
      ],
      "patterns": []
    }
  ],
  "dataGroups": [],
  "hashTable": {
    "/0.f31e28da27ab11d5b673.js": "fd72a54c34ba7b14ac30b62bc8b9a5a212b9daaa",
    "/assets/icons/icon-128x128.png": "dae3b6ed49bdaf4327b92531d4b5b4a5d30c7532",
    "/assets/icons/icon-144x144.png": "b0bd89982e08f9bd2b642928f5391915b74799a7",
    "/assets/icons/icon-152x152.png": "7479a9477815dfd9668d60f8b3b2fba709b91310",
    "/assets/icons/icon-192x192.png": "1abd80d431a237a853ce38147d8c63752f10933b",
    "/assets/icons/icon-384x384.png": "329749cd6393768d3131ed6304c136b1ca05f2fd",
    "/assets/icons/icon-512x512.png": "559d9c4318b45a1f2b10596bbb4c960fe521dbcc",
    "/assets/icons/icon-72x72.png": "c457e56089a36952cd67156f9996bc4ce54a5ed9",
    "/assets/icons/icon-96x96.png": "3914125a4b445bf111c5627875fc190f560daa41",
    "/favicon.ico": "84161b857f5c547e3699ddfbffc6d8d737542e01",
    "/index.html": "9f5809adaff6b2a9a032dac4d55a54227d4ebc78",
    "/main.c61b03f2344cc2f26f9c.js": "ddd3d4803d944b22d58495b55c320683d684520d",
    "/polyfills.b4c63c8b8188b73ff421.js": "c379c594e4f031a103e6621d91a91d1155653427",
    "/runtime.e3b514d7a4ad0210f9bc.js": "ea0fa319dc8bbd6efdafe69464694c9cbcdb60b2",
    "/styles.87907a5c2450970e664d.css": "8e5f6cc6fe20f982aa11b6c8ef8663ad9bb277a4"
  },
  "navigationUrls": [
    {
      "positive": true,
      "regex": "^\\/.*$"
    },
    {
      "positive": false,
      "regex": "^\\/(?:.+\\/)?[^/]*\\.[^/]*$"
    },
    {
      "positive": false,
      "regex": "^\\/(?:.+\\/)?[^/]*__[^/]*$"
    },
    {
      "positive": false,
      "regex": "^\\/(?:.+\\/)?[^/]*__[^/]*\\/.*$"
    }
  ]
}