{
  "configVersion": 1,
  "timestamp": 1567649637391,
  "index": "/index.html",
  "assetGroups": [
    {
      "name": "app",
      "installMode": "prefetch",
      "updateMode": "prefetch",
      "urls": [
        "/5.b529a37c2edde625a5f3.js",
        "/favicon.ico",
        "/index.html",
        "/main.bab5dc81e2656e86715f.js",
        "/polyfills-es5.171f157d7a03b7e2c2ab.js",
        "/polyfills.15b4db25c3869f50df5c.js",
        "/runtime.c59cd1514e431bfe95d1.js",
        "/styles.236ad78969c709f51127.css"
      ],
      "patterns": []
    },
    {
      "name": "assets",
      "installMode": "lazy",
      "updateMode": "prefetch",
      "urls": [
        "/assets/icons/icon-128x128.png",
        "/assets/icons/icon-144x144.png",
        "/assets/icons/icon-152x152.png",
        "/assets/icons/icon-192x192.png",
        "/assets/icons/icon-384x384.png",
        "/assets/icons/icon-512x512.png",
        "/assets/icons/icon-72x72.png",
        "/assets/icons/icon-96x96.png",
        "/fontawesome-webfont.674f50d287a8c48dc19b.eot",
        "/fontawesome-webfont.912ec66d7572ff821749.svg",
        "/fontawesome-webfont.af7ae505a9eed503f8b8.woff2",
        "/fontawesome-webfont.b06871f281fee6b241d6.ttf",
        "/fontawesome-webfont.fee66e712a8a08eef580.woff"
      ],
      "patterns": []
    }
  ],
  "dataGroups": [],
  "hashTable": {
    "/5.b529a37c2edde625a5f3.js": "fdd1a8e6d9a2e204abb1d199402f9ae25b58fe63",
    "/assets/icons/icon-128x128.png": "dae3b6ed49bdaf4327b92531d4b5b4a5d30c7532",
    "/assets/icons/icon-144x144.png": "b0bd89982e08f9bd2b642928f5391915b74799a7",
    "/assets/icons/icon-152x152.png": "7479a9477815dfd9668d60f8b3b2fba709b91310",
    "/assets/icons/icon-192x192.png": "1abd80d431a237a853ce38147d8c63752f10933b",
    "/assets/icons/icon-384x384.png": "329749cd6393768d3131ed6304c136b1ca05f2fd",
    "/assets/icons/icon-512x512.png": "559d9c4318b45a1f2b10596bbb4c960fe521dbcc",
    "/assets/icons/icon-72x72.png": "c457e56089a36952cd67156f9996bc4ce54a5ed9",
    "/assets/icons/icon-96x96.png": "3914125a4b445bf111c5627875fc190f560daa41",
    "/favicon.ico": "84161b857f5c547e3699ddfbffc6d8d737542e01",
    "/fontawesome-webfont.674f50d287a8c48dc19b.eot": "d980c2ce873dc43af460d4d572d441304499f400",
    "/fontawesome-webfont.912ec66d7572ff821749.svg": "98a8aa5cf7d62c2eff5f07ede8d844b874ef06ed",
    "/fontawesome-webfont.af7ae505a9eed503f8b8.woff2": "d6f48cba7d076fb6f2fd6ba993a75b9dc1ecbf0c",
    "/fontawesome-webfont.b06871f281fee6b241d6.ttf": "13b1eab65a983c7a73bc7997c479d66943f7c6cb",
    "/fontawesome-webfont.fee66e712a8a08eef580.woff": "28b782240b3e76db824e12c02754a9731a167527",
    "/index.html": "a66e73eddc2e6fd079ec22df83dda3df1979e1a3",
    "/main.bab5dc81e2656e86715f.js": "5dbc883b7c90560eb24a207ecc508c5e23199fe1",
    "/polyfills-es5.171f157d7a03b7e2c2ab.js": "a577ee12a185a6735cb4b643d9bfc007b599b03b",
    "/polyfills.15b4db25c3869f50df5c.js": "50db3cc86dd6c091c57319bee940eae5a4c30f23",
    "/runtime.c59cd1514e431bfe95d1.js": "24de3b1e57cb8e3aa524cef758bf91ed8af82dab",
    "/styles.236ad78969c709f51127.css": "6cd0cea4eb097a633ffc8f4863daa5457ef00207"
  },
  "navigationUrls": [
    {
      "positive": true,
      "regex": "^\\/.*$"
    },
    {
      "positive": false,
      "regex": "^\\/(?:.+\\/)?[^/]*\\.[^/]*$"
    },
    {
      "positive": false,
      "regex": "^\\/(?:.+\\/)?[^/]*__[^/]*$"
    },
    {
      "positive": false,
      "regex": "^\\/(?:.+\\/)?[^/]*__[^/]*\\/.*$"
    }
  ]
}