{
  "configVersion": 1,
  "index": "https://kennethphang.asia/index.html",
  "assetGroups": [
    {
      "name": "app",
      "installMode": "prefetch",
      "updateMode": "prefetch",
      "urls": [
        "https://kennethphang.asia/0.87a45c5aa665b6240218.js",
        "https://kennethphang.asia/favicon.ico",
        "https://kennethphang.asia/index.html",
        "https://kennethphang.asia/main.03326346386540a3faff.js",
        "https://kennethphang.asia/polyfills.b4c63c8b8188b73ff421.js",
        "https://kennethphang.asia/runtime.c0c76a3108715e8cc2f9.js",
        "https://kennethphang.asia/styles.69e7bd77a2e3e8128505.css"
      ],
      "patterns": []
    },
    {
      "name": "assets",
      "installMode": "lazy",
      "updateMode": "prefetch",
      "urls": [
        "https://kennethphang.asia/assets/icons/icon-128x128.png",
        "https://kennethphang.asia/assets/icons/icon-144x144.png",
        "https://kennethphang.asia/assets/icons/icon-152x152.png",
        "https://kennethphang.asia/assets/icons/icon-192x192.png",
        "https://kennethphang.asia/assets/icons/icon-384x384.png",
        "https://kennethphang.asia/assets/icons/icon-512x512.png",
        "https://kennethphang.asia/assets/icons/icon-72x72.png",
        "https://kennethphang.asia/assets/icons/icon-96x96.png"
      ],
      "patterns": []
    }
  ],
  "dataGroups": [],
  "hashTable": {
    "https://kennethphang.asia/0.87a45c5aa665b6240218.js": "fd72a54c34ba7b14ac30b62bc8b9a5a212b9daaa",
    "https://kennethphang.asia/assets/icons/icon-128x128.png": "dae3b6ed49bdaf4327b92531d4b5b4a5d30c7532",
    "https://kennethphang.asia/assets/icons/icon-144x144.png": "b0bd89982e08f9bd2b642928f5391915b74799a7",
    "https://kennethphang.asia/assets/icons/icon-152x152.png": "7479a9477815dfd9668d60f8b3b2fba709b91310",
    "https://kennethphang.asia/assets/icons/icon-192x192.png": "1abd80d431a237a853ce38147d8c63752f10933b",
    "https://kennethphang.asia/assets/icons/icon-384x384.png": "329749cd6393768d3131ed6304c136b1ca05f2fd",
    "https://kennethphang.asia/assets/icons/icon-512x512.png": "559d9c4318b45a1f2b10596bbb4c960fe521dbcc",
    "https://kennethphang.asia/assets/icons/icon-72x72.png": "c457e56089a36952cd67156f9996bc4ce54a5ed9",
    "https://kennethphang.asia/assets/icons/icon-96x96.png": "3914125a4b445bf111c5627875fc190f560daa41",
    "https://kennethphang.asia/favicon.ico": "84161b857f5c547e3699ddfbffc6d8d737542e01",
    "https://kennethphang.asia/index.html": "474286b18d89548955663d3695139f76ace0f3d2",
    "https://kennethphang.asia/main.03326346386540a3faff.js": "b253a3e17f676810640f2a6f688c1a75d098a294",
    "https://kennethphang.asia/polyfills.b4c63c8b8188b73ff421.js": "c379c594e4f031a103e6621d91a91d1155653427",
    "https://kennethphang.asia/runtime.c0c76a3108715e8cc2f9.js": "fb0e1245af0eeac0b975695eab6e117eba9b7b12",
    "https://kennethphang.asia/styles.69e7bd77a2e3e8128505.css": "8e5f6cc6fe20f982aa11b6c8ef8663ad9bb277a4"
  },
  "navigationUrls": [
    {
      "positive": true,
      "regex": "^\\/.*$"
    },
    {
      "positive": false,
      "regex": "^\\/(?:.+\\/)?[^/]*\\.[^/]*$"
    },
    {
      "positive": false,
      "regex": "^\\/(?:.+\\/)?[^/]*__[^/]*$"
    },
    {
      "positive": false,
      "regex": "^\\/(?:.+\\/)?[^/]*__[^/]*\\/.*$"
    }
  ]
}